KEY,Value Type,Key Description,Minimum Value,Maximum Value,Units
case_id,number (integer),Unique stable identification number. Producer defined. ,400004,407577,
multi_poly,string,"Indicates the facility's polygon type, single or multi. Single— facility is represented by a single part polygon. Multi— facility is represented by multipart polygon composed of at least two discontinuous polygons, sharing a single record. Producer defined. ",N/A,N/A,
eia_id,number (integer),Unique facility identifier from EIA Form 860 for cross-reference to the EIA Links to EIA   plant_code found in the CSV datasets d at  https://www.eia.gov/electricity/data/eia860/.,645,69098,
p_state,string,Postal 2 letter state abbreviation in which  a point representation of LSPV facility is located s  computed in ArcMap using US Census / US Postal Service maps from http://www.census.gov/tiger/tms/gazetteer/zips.txt,N/A,N/A,
p_county,string,Name of county in which a point respresentation of the LSPV facility is located  computed in ArcMap using  U.S Census maps https://www.census.gov/geo/maps-data/data/cbf/cbf_counties.html,N/A,N/A,
ylat,number (float),"Latitude of a point representation of the LSPV facility’s location, in decimal degrees, calculated in ArcMap using the calculate geometry tool with  North American 1983 (NAD 83) coordinate system. Representative points are a single point intended to reflect the location of facility panels as accurately as possible. For single-array facilities, values are calculated in the center of the array. For multi-part polygons, values are generated within the array that is closest to the centroid of the multipart polygon. Producer defined. ",19.6558,66.8385,decimal degrees
xlong,number (float),"Longitude of a point representation of the LSPV facility’s location, in decimal degrees, calculated in ArcMap using the calculate geometry tool with  North American 1983 (NAD 83) coordinate system. Representative points are a single point intended to reflect the location of facility panels as accurately as possible. For single-array facilities, values are calculated in the center of the array. For multi-part polygons, values are generated within the array that is closest to the centroid of the multipart polygon. Producer defined. ",-162.5531,-67.4623,decimal degrees
p_area,number (integer),"Area of the facility array(s) in square meters (sq m), calculated in ArcMapwith the calculate geometry tool with Albers Equal Area Conic projection. This area only includes facility panels and inverters and does not include buildings, facility fence lines, nor the full disturbed area.  Producer defined.",869,18802490,sq m
p_img_date,number (integer),"Acquisition date  of the aerial image used to confirm the facility location and geometry in yyyymmdd format, From aerial image vendor (Maxar) metadata. If missing, a different aerial image source was used.",20090417,20260208,yyyymmdd
p_dig_conf,number (integer),"Level of confidence in site location from 1 to 4. Lower value  represent a lower confidence. 1— Multiphase facility or multiple EIA records with identical location. Single polygon used to represent multiple facilities indistinguishable from one another; attributes may not reflect full scope of facilities. 2—Multiple polygons created, but EIA records are unclear; attributes may not reflect full scope of facilities. 3— Polygon reflects only a part of the facility due to poor image quality; area of polygon may not reflect the full size of array(s). 4— Facility polygons created with high confidence.",1,4,
p_name,string,Facility name from EIA Form 860,N/A,N/A,
p_year,number (integer),Year in which facility operation began from EIA Form 860 ,1985,2025,
p_pwr_reg,string,"Common abbreviation of regional power authority name (e.g., MISO) from EIA Form 860 ;some records, primarily for Hawaii, are missing as they were not included in EIA data.",N/A,N/A,
p_tech_pri,string,"Electric generation technology type (e.g., PV ) from EIA Form 860",N/A,N/A,
p_tech_sec,string,"Additional detail on panel type (e.g., thin film, c-Si) from EIA Form 860",N/A,N/A,
p_sys_type,string,"Facility system type (e.g., rooftop) determined from satellite imagery",N/A,N/A,
p_axis,string,"Array axis type (e.g., single axis) from EIA Form 860, or determined from satellite imagery if missing from EIA Form 860",N/A,N/A,
p_azimuth,number (float),"Array azimuth (i.e., east–west orientation in degrees) from EIAForm 860; records with no data were recorded as -9999",0,360,
p_tilt,number (float),"Tilt angle of panels (i.e., angle of panels from horizontal in degrees) from EIA Form 860",0,90,
p_battery,string,Indicator of the presence of battery storage at the facility from EIA Form 860,N/A,N/A,
p_cap_ac,number (float),Facility capacity in megawatts AC (Alternating Current) from EIA Form 860,0.2,690,megawatts ac
p_cap_dc,number (float),Facility capacity in megawatts DC (Direct Current) from EIA Form 860,1,788.2,megawatts dc
p_type,string,"General categorization of facility from the EPA’s RE-Powering Matrix (“Matrix dataset”)

Resource Conservation and Recovery Act (RCRA) - sites are a specific category of commercial, industrial and federal facilities that treat, store or dispose of hazardous wastes and that require cleanup under the RCRA Hazardous Waste Corrective Action Program. Taken directly from the Matrix dataset
superfund - Superfund sites are inactive or abandoned contaminated facilities or locations where there is an active release or threatened release into the environment of hazardous substances that have been dumped, discharged, emitted or otherwise improperly managed. These sites may include manufacturing and industrial facilities, processing plants, landfills and mining sites, among others.  Taken directly from the Matrix dataset
AML – Abandoned Mine Land sites include abandoned hardrock mines and mineral processing sites listed in the Superfund Enterprise Management System (SEMS) at this time.  Taken directly from the Matrix dataset
landfill - These sites have been designated as landfills in EPA's RE-Powering Matrix. Taken directly from the Matrix dataset

PCSC - When no specific designation is provided in the Matrix dataset, ""brownfield"" sites were assigned to a generalized PCSC (Previous, current or suspected contamination) facility type
landfill Named - This site type was assigned in cases where EPA did not identify the site as a landfill, but the facility name includes the word ""landfill."" It is possible that these sites have been sufficiently cleaned or were never contaminated to the point of meeting the PCSC designation; they are thus distinguished from EPA designated landfill sites
greenfield - Greenfield facilities encompass the remainder of LSPV facilities that do not fall into one of the other named categories. Greenfield sites represent the majority of LSPV facilities and occupy land that may have previously been wildland, urbanized, cultivated, or reclaimed. Populated from EPA’s Repowering Matrix (LINK please) and producer adjusted as described. ",N/A,N/A,
p_agrivolt,string,"Agrivoltaic facilities make use of the land between panel rows and surrounding arrays for agricultural uses (i.e., crop production or grazing) and/or ecosystem services (e.g., pollinator habitat). Agrivoltaic sites are categorized into the following designations: Crop, Crop_ES, ES, Grazing, Grazing_ES, Non-Agrivoltaic. https://openei.org/wiki/InSPIRE/Agrivoltaics_Map",N/A,N/A,
p_comm,string,"Indicator of community solar facilities in which customers, including individuals and/or businesses, typically subscribe to, or in some cases own, a portion of the energy generated by a solar array. For facilities which are not community solar or for which status is unknown, this field is blank.",N/A,N/A,
p_zscore,number (float),The z-score of the ratio of facility capacity (in DC) and facility area (p_cap_dc/p_area). A z-score measures how far a record is from the mean of all records in the field in units of standard deviations. Records with high or low Z-scores may have an error in either p_cap_dc or p_area. Producer Defined. ,-1.0375862,58.179829,
